[
  {
    "Id": "1", 
    "Arn": "arn:aws:lambda:ap-northeast-1:536932422330:function:Functionsa1"
  },
  {
    "Id": "2", 
    "Arn": "arn:aws:lambda:ap-northeast-1:536932422330:function:Functionsa2"
  },
  {
    "Id": "3", 
    "Arn": "arn:aws:lambda:ap-northeast-1:536932422330:function:Functionsa3"
  },
  {
    "Id": "4", 
    "Arn": "arn:aws:lambda:ap-northeast-1:536932422330:function:Functionsa4"
  },
  {
    "Id": "5", 
    "Arn": "arn:aws:lambda:ap-northeast-1:536932422330:function:Functionsa5"
  }
]
